date,truck_id,driver_id,km_traveled,liters,fuel,maintenance,fixed_costs
2018-01-01,2,2,4594.0,1303.06,4077.49,1011.93,10502.595165
2018-01-01,6,4,3816.0,899.14,2813.7,1561.78,6092.156655
2018-01-01,17,9,7116.0,2128.46,6491.0,1324.12,11930.903310000002
2018-01-01,19,11,2724.0,669.73,2123.58,560.17,7428.016154999999
2018-01-01,20,12,3862.0,723.02,2378.19,648.11,6735.388638
2018-01-01,22,14,5074.0,1000.59,3200.11,416.48,7064.379137999999
2018-01-01,29,21,3160.0,589.89,1827.01,624.76,6981.433638
2018-01-01,33,24,3928.0,699.81,2242.8,506.32,6770.0986379999995
2018-01-01,36,1,382.0,128.27,436.01,1240.44,10154.439165
2018-01-01,38,27,2474.0,561.55,1816.46,263.13,6949.231638
2018-01-01,3,1,4059.0,1215.73,3812.29,1220.22,10792.359165
2018-01-01,5,1,1159.0,229.92,720.15,881.95,7218.480138
2018-01-01,4,3,3416.0,631.77,1916.03,896.56,5184.415637999999
2018-01-01,7,5,2329.0,500.31,1604.29,390.12,7143.304905
2018-01-01,23,15,3306.0,564.51,1810.94,387.92,7160.476638
2018-01-01,24,16,3799.0,928.08,2958.22,325.27,8168.40024
2018-01-01,28,20,2595.0,480.84,1461.27,791.48,6574.736655
2018-01-01,34,1,0.0,0.0,0.0,929.45,7212.140655000001
2018-01-01,37,26,2327.0,404.54,1369.06,420.14,7023.4111379999995
2018-02-01,2,2,4682.0,1346.76,4205.84,1327.42,10464.817665
2018-02-01,6,4,1007.0,244.18,755.54,2095.77,6387.821655
2018-02-01,17,9,2283.0,693.28,2103.32,1725.49,12185.00331
2018-02-01,19,11,4987.0,1159.62,3690.94,759.18,6381.563655
2018-02-01,20,12,2341.0,405.92,1345.4,844.54,7768.326134999999
2018-02-01,22,14,5179.0,1042.68,3297.53,558.39,7097.769138
2018-02-01,29,21,4031.0,762.4,2287.2,541.76,6788.083638
2018-02-01,33,24,3893.0,700.36,2308.49,679.94,6573.898638000001
2018-02-01,36,1,75.0,27.46,91.44,1599.52,10116.661665
2018-02-01,38,27,921.0,102.83,359.82,337.99,6826.674138
2018-02-01,3,1,2875.0,837.61,2562.87,1590.62,10754.581665000002
2018-02-01,5,15,2296.0,426.77,1306.89,1170.86,7468.455137999999
2018-02-01,4,3,3936.0,688.87,2130.24,1190.51,7710.085635
2018-02-01,7,5,2552.0,552.35,1730.55,507.47,7259.981655
2018-02-01,23,30,2839.0,493.31,1557.88,514.29,7683.136635
2018-02-01,24,16,2176.0,550.44,1755.05,419.42,7344.79524
2018-02-01,28,20,3720.0,671.97,2019.78,1065.58,6672.5666550000005
2018-02-01,34,1,3176.0,850.0,770.04,1280.74,7062.140655000001
2018-02-01,37,26,2938.0,510.79,1742.4,541.76,6873.298638
2018-03-01,2,2,5656.0,1650.29,5082.67,1295.43,10171.410165
2018-03-01,17,9,4506.0,1332.55,4057.72,1697.17,12557.19831
2018-03-01,19,11,4104.0,1024.25,3265.02,739.71,7325.588655
2018-03-01,20,12,5332.0,926.25,3062.06,834.27,7768.326134999999
2018-03-01,22,14,5046.0,1021.82,3262.46,580.05,7381.126638000001
2018-03-01,29,21,2628.0,490.07,1484.66,795.21,6592.753638
2018-03-01,33,24,5050.0,892.62,2942.21,695.79,7108.281137999999
2018-03-01,36,1,1831.0,541.31,1752.42,1579.02,9823.254165
2018-03-01,38,27,2372.0,494.57,1730.57,329.33,7103.386638
2018-03-01,3,1,4127.0,1184.74,3637.16,1583.05,10461.174165
2018-03-01,4,3,4783.0,799.53,2450.91,1159.98,7599.243135
2018-03-01,5,1,3534.0,648.0,1998.16,1140.83,7218.480138
2018-03-01,7,5,3233.0,707.22,2245.18,494.46,7135.871655
2018-03-01,23,30,4813.0,796.03,2616.02,501.11,7722.909135
2018-03-01,24,16,5550.0,1240.08,4111.43,411.75,8025.615240000001
2018-03-01,28,20,3793.0,713.5,2166.23,1061.62,7058.951655000001
2018-03-01,34,1,1396.0,353.68,1078.56,1290.98,7512.140655000001
2018-03-01,37,26,1496.0,264.93,902.6,534.02,7460.488638
2018-04-01,2,2,2236.0,647.65,2215.57,1271.29,10502.722665
2018-04-01,17,9,5149.0,1222.74,4033.42,1678.51,11972.99331
2018-04-01,19,11,6391.0,1643.17,5523.08,732.22,7619.206155
2018-04-01,20,12,4585.0,807.27,2807.92,843.27,7679.788635
2018-04-01,22,14,3782.0,764.23,2549.55,587.82,7172.754137999999
2018-04-01,29,21,3875.0,762.92,2319.42,778.33,6969.951138
2018-04-01,33,24,4341.0,777.52,2629.15,682.24,6712.198638
2018-04-01,36,1,801.0,219.12,706.22,1539.54,10154.566665
2018-04-01,38,27,1593.0,317.04,1105.84,328.45,6833.259137999999
2018-04-01,3,1,7013.0,1977.57,6376.09,1518.74,10792.486665
2018-04-01,4,3,3202.0,512.73,1606.41,1140.42,7557.565635
2018-04-01,5,1,1944.0,368.32,1195.63,1135.66,7218.480138
2018-04-01,7,5,4619.0,1000.75,3258.87,482.1,7372.991655
2018-04-01,23,30,5280.0,881.83,2947.01,488.52,7268.761638
2018-04-01,24,16,5294.0,1176.6,4096.18,401.45,8150.22774
2018-04-01,28,20,4665.0,788.98,2489.72,1071.28,6811.091655
2018-04-01,34,25,1879.0,477.57,1596.71,1271.2,6346.858155
2018-04-01,37,26,2175.0,399.01,1383.58,520.67,7267.311138
2018-05-01,2,2,4643.0,1475.36,5154.32,1338.03,10338.000164999998
2018-05-01,17,9,3598.0,1113.65,3884.66,1661.77,11839.658309999999
2018-05-01,19,11,6350.0,1651.76,5932.92,727.42,7699.943654999999
2018-05-01,20,12,4789.0,895.09,3285.71,822.7,7785.718634999999
2018-05-01,22,14,5109.0,1001.65,3586.22,616.04,7206.526637999999
2018-05-01,29,21,3759.0,785.88,2548.33,759.76,6751.041138
2018-05-01,33,24,3576.0,629.46,2214.35,670.48,6506.878638
2018-05-01,36,1,1182.0,392.76,1429.82,1502.97,9989.844164999999
2018-05-01,38,27,1953.0,333.91,1172.41,321.18,6821.724138
2018-05-01,3,1,5761.0,1541.14,5303.03,1493.38,10627.764165
2018-05-01,4,3,1144.0,209.43,733.45,1157.08,7644.5281350000005
2018-05-01,5,1,3048.0,644.51,2299.4,1150.77,7293.480138
2018-05-01,7,5,4377.0,1128.38,3878.31,472.29,7342.751655
2018-05-01,23,30,3511.0,726.29,2518.86,505.07,6884.401637999999
2018-05-01,24,16,6017.0,1495.87,5496.76,396.05,8051.91024
2018-05-01,24,16,5636.0,1521.44,5292.03,625.89,8467.62024
2018-05-01,28,20,2837.0,530.38,1624.78,1046.83,6373.511655
2018-05-01,34,4,2250.0,619.63,2179.56,1273.16,6035.825655
2018-05-01,37,26,3092.0,521.82,1808.29,523.43,7077.8311380000005
2018-06-01,2,2,6572.0,1885.3,6008.38,1317.23,9109.192665
2018-06-01,17,9,4805.0,1511.86,4817.89,1622.2,11419.560809999999
2018-06-01,19,11,5890.0,1289.87,4207.23,746.52,7562.828654999999
2018-06-01,20,12,4499.0,771.3,2559.44,803.11,7782.238635
2018-06-01,22,14,6374.0,1143.45,3737.71,841.44,7245.721638
2018-06-01,29,21,3206.0,636.57,2215.07,742.39,6825.0361379999995
2018-06-01,33,24,4969.0,921.05,3038.48,657.37,6087.3886379999985
2018-06-01,36,1,584.0,194.06,630.33,1478.44,8761.036665
2018-06-01,38,27,801.0,188.9,629.76,313.53,6280.921638
2018-06-01,3,1,2910.0,882.78,2791.88,1472.7,9398.956665000002
2018-06-01,28,20,2215.0,415.99,1308.08,1046.54,6734.471654999999
2018-06-01,4,3,3960.0,648.59,2033.56,1153.13,8087.365635
2018-06-01,5,8,4754.0,859.72,2698.53,1127.4,7866.427635
2018-06-01,7,5,2936.0,671.94,2170.71,462.47,7309.354154999999
2018-06-01,23,30,4786.0,810.99,2680.06,493.04,7793.446635
2018-06-01,24,16,6670.0,1760.61,5586.9,405.27,8164.08774
2018-06-01,34,25,2906.0,780.5,2514.64,1252.98,6380.488155
2018-06-01,37,26,2298.0,399.23,1333.51,510.97,7188.996138
2018-07-01,2,2,7592.0,2171.42,6983.2,1326.26,10838.947665
2018-07-01,17,5,8476.0,2958.24,9498.93,1606.92,10963.0779975
2018-07-01,19,11,5050.0,1156.51,3817.68,729.16,7473.908655
2018-07-01,20,12,3250.0,557.36,1922.71,791.4,7785.208634999999
2018-07-01,22,14,5411.0,976.65,3205.83,592.26,6644.619138
2018-07-01,29,21,4125.0,795.67,2761.78,750.13,7170.531137999999
2018-07-01,33,24,4632.0,878.64,2844.24,646.04,6543.418637999999
2018-07-01,36,1,1206.0,340.57,1092.94,1444.06,10299.414165000002
2018-07-01,38,27,1790.0,361.07,1205.67,306.24,6439.014138
2018-07-01,3,30,4146.0,1274.45,4061.56,1446.94,10937.334165000002
2018-07-01,28,20,2813.0,518.41,1679.65,1044.92,6918.34310025
2018-07-01,4,3,4885.0,803.24,2523.01,1141.92,7510.863135
2018-07-01,5,1,0.0,0.0,0.0,1140.86,7293.480138
2018-07-01,7,1,1959.0,440.85,1406.49,473.38,6835.871655
2018-07-01,23,31,2697.0,469.98,1551.47,491.74,6937.734138
2018-07-01,24,16,3742.0,836.28,2778.82,435.52,7649.5277399999995
2018-07-01,34,25,2852.0,781.45,2515.36,1316.46,7263.384239999999
2018-07-01,37,26,2105.0,361.73,1197.74,500.14,6878.841138
2018-08-01,2,2,6441.0,1887.18,6037.97,1299.63,10141.7100975
2018-08-01,17,5,8320.0,2759.04,8648.65,1643.48,10891.6929975
2018-08-01,19,11,6419.0,1555.12,5136.99,720.2,8355.57474
2018-08-01,20,12,4919.0,834.34,2728.78,792.85,7635.6986025
2018-08-01,22,14,4068.0,848.92,2356.46,578.8,6818.5020675000005
2018-08-01,29,21,4714.0,905.41,3139.97,758.91,6984.158600249999
2018-08-01,38,27,1616.0,333.32,1112.99,304.43,6749.0970675
2018-08-01,3,1,3534.0,957.51,3040.99,1447.29,10395.4200975
2018-08-01,28,1,2498.0,418.04,1313.09,1048.04,7483.4246002499995
2018-08-01,4,3,5137.0,842.35,2623.21,1115.97,7861.994602500001
2018-08-01,23,31,2616.0,439.52,1443.3,497.9,6955.0845675
2018-08-01,24,8,4840.0,1168.91,3834.34,453.59,8264.94474
2018-08-01,34,20,2642.0,747.0,2418.04,1308.25,8189.446739999999
2018-08-01,37,26,0.0,0.0,0.0,488.77,6117.12110025
2018-09-01,2,2,4885.0,1418.95,4633.13,1276.02,9544.612597500001
2018-09-01,17,5,6579.0,2274.89,7828.74,1651.64,11173.0479975
2018-09-01,19,11,5037.0,1242.87,4419.22,724.18,8394.94974
2018-09-01,20,12,4382.0,755.66,2795.55,817.84,7573.0211025
2018-09-01,22,14,5287.0,1026.61,3684.6,578.29,7101.822067499999
2018-09-01,29,21,2533.0,496.55,1857.72,746.49,6756.668600249999
2018-09-01,38,27,1815.0,390.09,1402.87,314.86,6796.5345675
2018-09-01,3,15,4572.0,1411.89,4916.27,1645.48,9416.5575975
2018-09-01,28,1,1946.0,352.56,1206.83,1048.79,7541.1746025
2018-09-01,4,3,3500.0,565.85,1918.22,1094.15,7530.007102500001
2018-09-01,23,31,4110.0,708.05,2522.34,501.24,7074.6645675
2018-09-01,24,8,4978.0,1146.21,4113.84,450.26,8529.634740000001
2018-09-01,34,20,2907.0,774.64,2739.9,1280.16,7763.26674
2018-09-01,37,26,2530.0,461.32,1633.86,479.91,6976.32110025
2018-10-01,2,2,6778.0,1885.16,6610.24,1335.11,9162.8475975
2018-10-01,17,5,3819.0,1430.77,4923.78,1799.96,11499.905497499998
2018-10-01,19,11,6544.0,1572.13,5669.64,728.93,8955.17724
2018-10-01,20,12,4406.0,779.64,2921.11,800.06,7785.0611025
2018-10-01,22,14,5377.0,1112.89,3418.71,593.08,7528.7520675000005
2018-10-01,29,21,2055.0,352.03,1279.72,740.44,7297.718600249999
2018-10-01,38,27,2269.0,476.2,1666.29,321.67,8039.6895675000005
2018-10-01,3,15,5225.0,1489.77,5189.84,1628.0,10443.7650975
2018-10-01,28,1,1834.0,342.69,1177.84,1078.11,7541.1746025
2018-10-01,4,3,3035.0,525.82,1805.06,1083.54,7821.4346025
2018-10-01,23,31,4908.0,811.93,2891.48,493.78,7137.7620675
2018-10-01,24,8,5085.0,1128.2,4033.85,467.14,9079.66224
2018-10-01,34,20,3737.0,1010.0,3693.67,1252.33,7763.26674
2018-10-01,37,26,3009.0,525.72,1856.16,485.63,7325.903600250001
2018-10-01,2,2,4885.0,1418.95,4633.13,1276.02,11577.0
2018-10-01,17,5,6579.0,2274.89,7828.74,1651.64,17949.45
2018-10-01,19,11,5037.0,1242.87,4419.22,724.18,14611.5
2018-10-01,20,12,4382.0,755.66,2795.55,817.84,13734.3
2018-10-01,22,14,5287.0,1026.61,3684.6,578.29,13693.5
2018-10-01,29,21,2533.0,496.55,1857.72,746.49,8677.65
2018-11-01,2,2,4885.0,1418.95,4633.13,1276.02,11260.8
2018-11-01,17,5,6579.0,2274.89,7828.74,1651.64,19714.05
2018-11-01,19,11,5037.0,1242.87,4419.22,724.18,19604.399999999998
2018-11-01,20,12,4382.0,755.66,2795.55,817.84,19357.05
2018-11-01,22,14,5287.0,1026.61,3684.6,578.29,13321.199999999999
2018-11-01,29,21,2533.0,496.55,1857.72,746.49,15692.699999999999
2018-12-01,2,2,4885.0,1418.95,4633.13,1276.02,18768.0
2018-12-01,17,5,6579.0,2274.89,7828.74,1651.64,16960.05
2018-12-01,19,11,5037.0,1242.87,4419.22,724.18,8412.449999999999
2018-12-01,20,12,4382.0,755.66,2795.55,817.84,14517.15
2018-12-01,22,14,5287.0,1026.61,3684.6,578.29,15241.35
2018-12-01,29,21,2533.0,496.55,1857.72,746.49,17832.149999999998
2019-01-01,2,2,4885.0,1418.95,4633.13,1276.02,12979.5
2019-01-01,17,5,6579.0,2274.89,7828.74,1651.64,8407.35
2019-01-01,19,11,5037.0,1242.87,4419.22,724.18,14930.25
2019-01-01,20,12,4382.0,755.66,2795.55,817.84,12336.9
2019-01-01,22,14,5287.0,1026.61,3684.6,578.29,13665.449999999999
2019-01-01,29,21,2533.0,496.55,1857.72,746.49,11347.5
2019-02-01,2,2,4885.0,1418.95,4633.13,1276.02,19484.55
2019-02-01,17,5,6579.0,2274.89,7828.74,1651.64,15736.05
2019-02-01,19,11,5037.0,1242.87,4419.22,724.18,16212.9
2019-02-01,20,12,4382.0,755.66,2795.55,817.84,19984.35
2019-02-01,22,14,5287.0,1026.61,3684.6,578.29,13596.6
2019-02-01,29,21,2533.0,496.55,1857.72,746.49,16146.6
2019-03-01,2,2,4885.0,1418.95,4633.13,1276.02,12168.6
2019-03-01,17,5,6579.0,2274.89,7828.74,1651.64,17903.55
2019-03-01,19,11,5037.0,1242.87,4419.22,724.18,9289.65
2019-03-01,20,12,4382.0,755.66,2795.55,817.84,13193.699999999999
2019-03-01,22,14,5287.0,1026.61,3684.6,578.29,10633.5
2019-03-01,29,21,2533.0,496.55,1857.72,746.49,7808.099999999999
2019-04-01,2,2,4890.0,1379.52,4519.69,1376.87,10331.666692499999
2019-04-01,19,11,5984.0,1383.73,4767.66,728.32,8918.339745000001
2019-04-01,20,30,2487.0,454.77,1516.38,749.07,7738.4341349999995
2019-04-01,24,25,4750.0,1001.87,3542.76,460.92,7588.449495000001
2019-04-01,42,12,4299.0,782.61,2742.02,846.52,7815.576134999999
2019-04-01,43,3,4323.0,790.91,2427.59,897.23,7765.326134999999
2019-04-01,44,23,5048.0,916.75,3283.94,3755.55,6742.513638
2019-04-01,45,14,6626.0,1220.54,4080.73,1025.52,7528.8586350000005
2019-04-01,29,15,5428.0,1008.34,3395.48,471.93,7431.204137999999
2019-04-01,37,26,1872.0,347.02,1206.55,471.93,7773.586635
2019-04-01,38,27,2296.0,496.06,1726.14,305.66,7820.034135
2019-04-01,3,1,4763.0,1305.26,4299.37,1582.15,10585.6616925
2019-04-01,4,7,2376.0,501.14,1654.98,1060.03,7085.160137999999
2019-04-01,17,5,4834.0,1813.76,6056.25,1947.69,10988.44122
2019-04-01,22,22,4783.0,999.85,3564.44,643.16,7051.8091380000005
2019-04-01,23,31,3497.0,730.92,2435.05,538.19,7117.569137999999
2019-04-01,33,24,4043.0,800.25,2857.75,618.45,6929.844138
2019-04-01,34,13,2568.0,713.61,2399.36,1233.73,8788.387245
2019-05-01,2,2,5293.0,1518.72,5103.7,1351.37,10583.854192499999
2019-05-01,19,11,7086.0,1619.61,5753.09,714.83,8921.369745
2019-05-01,20,30,3264.0,611.92,2146.71,607.0,6652.749138000001
2019-05-01,24,25,4863.0,1058.11,3858.93,452.39,7627.799744999999
2019-05-01,42,12,3648.0,663.88,2357.81,846.52,8209.671135
2019-05-01,43,3,4212.0,766.63,2625.5,897.23,7845.7336350000005
2019-05-01,44,23,4614.0,841.26,3165.63,3755.55,6900.381138000001
2019-05-01,45,14,6228.0,1135.44,3899.52,1025.52,7602.028635
2019-05-01,29,15,4415.0,822.98,2835.79,767.53,7500.099135
2019-05-01,37,26,2537.0,487.29,1705.09,463.19,8135.544135
2019-05-01,38,27,2622.0,554.22,1946.87,300.0,8253.204135
2019-05-01,3,1,3489.0,952.62,3188.29,1552.85,10837.8491925
2019-05-01,4,7,1754.0,362.98,1224.32,1040.4,7317.840138
2019-05-01,17,5,4817.0,1729.88,5859.33,1911.62,11507.148720000001
2019-05-01,22,22,5262.0,1097.53,4073.43,631.25,7108.134137999999
2019-05-01,23,31,3559.0,744.98,2551.72,528.22,7376.529138
2019-05-01,33,24,3743.0,720.5,2623.12,607.0,7081.021638
2019-05-01,34,13,5789.0,1260.43,4315.78,1210.89,9419.137245
2019-06-01,2,2,7306.0,2089.76,6958.89,1391.83,10347.649192500001
2019-06-01,19,11,3928.0,913.6,3077.38,729.36,8707.619745
2019-06-01,29,15,5205.0,723.93,2433.35,802.99,7532.5591349999995
2019-06-01,20,30,2117.0,271.26,761.37,741.89,7766.679134999999
2019-06-01,24,25,1944.0,617.63,2158.05,452.39,7333.72474575
2019-06-01,42,12,4562.0,654.24,2274.85,282.17,7841.458634999999
2019-06-01,43,3,3993.0,753.86,2478.15,299.07,8084.4211350000005
2019-06-01,45,14,3910.0,989.42,3319.46,490.24,7692.891135
2019-06-01,44,23,3643.0,848.87,3011.72,1261.0,6726.208638
2019-06-01,37,26,1190.0,180.42,613.28,472.9,7949.139134999999
2019-06-01,38,27,2630.0,470.61,1620.45,356.96,8057.679134999999
2019-06-01,3,1,5136.0,1461.68,4853.31,1620.31,10601.6441925
2019-06-01,4,7,3045.0,395.64,1291.28,1057.19,7590.487635
2019-06-01,34,13,4240.0,1114.24,3772.82,1355.07,9293.767245
2019-06-01,17,5,6804.0,2112.15,6904.87,1916.6,11684.60622
2019-06-01,23,31,6317.0,728.66,2447.81,564.82,7213.486638
2019-06-01,33,24,5164.0,764.82,2695.41,619.48,6954.954137999999
2019-06-01,22,22,6617.0,999.84,3542.38,633.47,7189.659138
2019-07-01,2,2,7743.0,2315.87,7577.63,1366.52,10784.4116925
2019-07-01,19,11,4887.0,1115.93,3810.27,722.17,9263.564745
2019-07-01,29,15,5065.0,961.78,3262.39,795.74,7555.6216349999995
2019-07-01,20,30,3478.0,672.53,2270.48,789.43,8297.251635
2019-07-01,24,25,4416.0,945.47,3334.09,454.96,7589.264745
2019-07-01,42,12,4272.0,776.77,2651.04,337.59,8325.171135
2019-07-01,43,3,5121.0,934.9,3030.92,256.35,8490.201135
2019-07-01,45,14,6373.0,1162.16,3936.34,420.2,7724.811135
2019-07-01,44,23,2790.0,507.21,1801.84,1081.58,6402.388638
2019-07-01,37,26,2263.0,428.36,1467.24,464.43,7699.861635000001
2019-07-01,38,27,2413.0,510.65,1756.27,359.27,7877.3941350000005
2019-07-01,3,1,5669.0,1520.68,5178.05,1635.75,5671.294194749999
2019-07-01,4,7,2126.0,467.0,1544.91,1068.78,7379.257638000001
2019-07-01,34,13,4226.0,979.94,3262.72,1417.29,9481.409744999999
2019-07-01,17,5,3500.0,1307.35,4335.52,1899.25,11729.80872
2019-07-01,23,31,3134.0,666.87,2305.97,440.31,7588.606635
2019-07-01,33,24,3958.0,747.34,2645.86,635.05,7200.706638
2019-08-01,2,2,5388.0,1605.84,5187.86,1162.81,10806.3866925
2019-08-01,19,11,4284.0,966.07,3197.52,606.28,8229.772245
2019-08-01,29,15,4698.0,895.89,2878.36,665.74,7508.251635
2019-08-01,20,30,2524.0,475.62,1582.6,638.51,7958.754134999999
2019-08-01,24,25,3516.0,749.25,2681.19,367.98,8124.592245
2019-08-01,42,12,4147.0,755.57,2606.22,295.39,8507.593635
2019-08-01,43,3,4847.0,883.63,2858.22,323.36,8095.513634999999
2019-08-01,45,14,6297.0,1144.16,3554.03,440.35,8122.971135
2019-08-01,44,23,5498.0,1017.37,3548.01,946.38,8240.316135000001
2019-08-01,37,26,1838.0,345.06,1172.91,395.05,8009.379134999999
2019-08-01,38,27,951.0,206.69,714.39,311.26,7421.881637999999
2019-08-01,3,1,6445.0,1698.92,5449.08,1368.63,5671.294194749999
2019-08-01,4,7,2202.0,467.56,1483.95,869.21,7870.687634999999
2019-08-01,34,13,5221.0,1174.76,3895.92,1148.01,8947.469745
2019-08-01,17,5,4468.0,1992.37,6319.54,1565.36,11456.703720000001
2019-08-01,23,31,3568.0,757.22,2434.89,510.34,7487.3716380000005
2019-08-01,33,24,3196.0,608.55,2155.36,538.72,8171.1841349999995
